filename,extension,features
.gitignore,gitignore,
bo_qua_file_vs.gitignore,gitignore,
colect.py,py,
file_dataset.csv,csv,
NewFile,newfile,
README.md,md,
requirements.txt,txt,
test.txt,txt,
using_for_undate_ingithub.gitkeep,gitkeep,
COMMIT_EDITMSG,commit_editmsg,
config,config,
description,description,
HEAD,head,
index,index,
packed-refs,packed-refs,
applypatch-msg.sample,sample,
commit-msg.sample,sample,
fsmonitor-watchman.sample,sample,
post-update.sample,sample,
pre-applypatch.sample,sample,
pre-commit.sample,sample,
pre-merge-commit.sample,sample,
pre-push.sample,sample,
pre-rebase.sample,sample,
pre-receive.sample,sample,
prepare-commit-msg.sample,sample,
push-to-checkout.sample,sample,
sendemail-validate.sample,sample,
update.sample,sample,
exclude,exclude,
HEAD,head,
main,main,
HEAD,head,
main,main,
2695458d13aff5deebd951449621c1491911e2,2695458d13aff5deebd951449621c1491911e2,
70d368137bab03376363ecee59df6a4c256e1c,70d368137bab03376363ecee59df6a4c256e1c,
ee07a625cca29cc94c38a1c8ad0535f989cae4,ee07a625cca29cc94c38a1c8ad0535f989cae4,
80a711c61ac7393d19d8ce671568c42ed829df,80a711c61ac7393d19d8ce671568c42ed829df,
611a605c99d97ac6c2173cc3251dfa08b53ed7,611a605c99d97ac6c2173cc3251dfa08b53ed7,
39c2a1c3abdbe1d2d161d603e454b1162d3c57,39c2a1c3abdbe1d2d161d603e454b1162d3c57,
e19cb50372482ecaae22e89b990f479b0df43f,e19cb50372482ecaae22e89b990f479b0df43f,
906657c47e1a5be8dca8fe5b0c96eb2805e74e,906657c47e1a5be8dca8fe5b0c96eb2805e74e,
95d9e06627eb164799ca1c192b83b4e825eae1,95d9e06627eb164799ca1c192b83b4e825eae1,
8260b7909d0d7333bcdd372487564df4345872,8260b7909d0d7333bcdd372487564df4345872,
c1ca5f3b43bf9a94a25b27e23f6e1a12c3fdb8,c1ca5f3b43bf9a94a25b27e23f6e1a12c3fdb8,
33b98dd6965ba073923ac79e6babd7fe3b77fa,33b98dd6965ba073923ac79e6babd7fe3b77fa,
559baf01539aa73c822fa151bf69832ec8baa5,559baf01539aa73c822fa151bf69832ec8baa5,
c06ef3cc4057524bf5d2cd49936dff789cebe8,c06ef3cc4057524bf5d2cd49936dff789cebe8,
39bc39c2071e34e5b0c598c48e081f02522c45,39bc39c2071e34e5b0c598c48e081f02522c45,
4a0a3005a2414ba567ad8f7a42a1be642c0ed3,4a0a3005a2414ba567ad8f7a42a1be642c0ed3,
524878cb2348afebd5d2d12a7897a17c297476,524878cb2348afebd5d2d12a7897a17c297476,
2671c1607f1ec7c7ef8cf6b95dad6e8b467228,2671c1607f1ec7c7ef8cf6b95dad6e8b467228,
0dfaee71fdecf91088a5532b573696b4f326fe,0dfaee71fdecf91088a5532b573696b4f326fe,
86b7a7be93abb4814c996b877968d6ff5e2842,86b7a7be93abb4814c996b877968d6ff5e2842,
be0cd98cf68313f8296681f5bb7bcf8b5bd267,be0cd98cf68313f8296681f5bb7bcf8b5bd267,
44453ee21e1f5223c5bdb434a890a4784869a7,44453ee21e1f5223c5bdb434a890a4784869a7,
ec4b93717b2d15eec9a2dbd2f2c5225be885c9,ec4b93717b2d15eec9a2dbd2f2c5225be885c9,
05a9776bd7cbae976fdcec7e3a254e93018279,05a9776bd7cbae976fdcec7e3a254e93018279,
09aef56102f1644ec0ca10be0030851725c8a6,09aef56102f1644ec0ca10be0030851725c8a6,
14ea24efb1226638b58bbf50f1769939812f37,14ea24efb1226638b58bbf50f1769939812f37,
bbb89c14cfaf2df4747a3444ac7189ee12c4ac,bbb89c14cfaf2df4747a3444ac7189ee12c4ac,
24f5cdb66fdbd77e3e924264ea5e71e491dc60,24f5cdb66fdbd77e3e924264ea5e71e491dc60,
fd89d12cb09db07860cc8cfb5c5e38d8660c20,fd89d12cb09db07860cc8cfb5c5e38d8660c20,
2ff64a11300290ddac7e7d9bc26e5e0a766508,2ff64a11300290ddac7e7d9bc26e5e0a766508,
41f80260a88762434a9e6ffda03b553eabe09e,41f80260a88762434a9e6ffda03b553eabe09e,
654a8a9ae474cff034ad20643618245fd20d17,654a8a9ae474cff034ad20643618245fd20d17,
e4d5f92596ef5fb7aa8ec522fd880f036b3f79,e4d5f92596ef5fb7aa8ec522fd880f036b3f79,
a46b1995a9ecfbe59ec199b986b42f845116c1,a46b1995a9ecfbe59ec199b986b42f845116c1,
9489a106934a3b8dc6e71abcd741501b4499e2,9489a106934a3b8dc6e71abcd741501b4499e2,
652bb00f240e5397eab8d9534d9a801bbb29ec,652bb00f240e5397eab8d9534d9a801bbb29ec,
5c77f357792c3ae43caade5426fb32d6227ce5,5c77f357792c3ae43caade5426fb32d6227ce5,
b6c23215eb12005f2b091c957d19644bf8fa53,b6c23215eb12005f2b091c957d19644bf8fa53,
bb64fc920b5ea041aca953027b9cc01d3e4e43,bb64fc920b5ea041aca953027b9cc01d3e4e43,
08e7c1698957d6f081a05e65c362dac7f72ef7,08e7c1698957d6f081a05e65c362dac7f72ef7,
717319593d38626f85f8ca01c0bbbf0e89fb8d,717319593d38626f85f8ca01c0bbbf0e89fb8d,
509623a5f75e17884f86c765b07ae6a213e42b,509623a5f75e17884f86c765b07ae6a213e42b,
b378a58f182baa80c1ec9910851422db46d999,b378a58f182baa80c1ec9910851422db46d999,
6b691b25e98d74a95f8f0e8c42b861741dd892,6b691b25e98d74a95f8f0e8c42b861741dd892,
e120528dc1b9bfd3918de3bf9a1b7f9202a8a7,e120528dc1b9bfd3918de3bf9a1b7f9202a8a7,
c5df3e9c16b90f2ad65fe5ce9a76230858df57,c5df3e9c16b90f2ad65fe5ce9a76230858df57,
de2705b685e73e322d65755b40f4661bed2654,de2705b685e73e322d65755b40f4661bed2654,
bbca203f8e69bf1a21f89f44cc3312e25e7f15,bbca203f8e69bf1a21f89f44cc3312e25e7f15,
35c38b4edec5c10d4bc421a2dce19f5f998677,35c38b4edec5c10d4bc421a2dce19f5f998677,
3aa567a39f9c06adb7c4d2ffe710021ec5457c,3aa567a39f9c06adb7c4d2ffe710021ec5457c,
7c6f25538fe23cf18bc6abdfcc2a2b8a8d8eda,7c6f25538fe23cf18bc6abdfcc2a2b8a8d8eda,
136e96f0442760bcb7e6f51e30ab945cae7dde,136e96f0442760bcb7e6f51e30ab945cae7dde,
cb70a37676906c36876a6fefaf6a3832a85c64,cb70a37676906c36876a6fefaf6a3832a85c64,
f3488eafb79587c4cbce88a76d8b8f652e6deb,f3488eafb79587c4cbce88a76d8b8f652e6deb,
8fa83e3dd20720478d750380920c2e4e953b90,8fa83e3dd20720478d750380920c2e4e953b90,
823f63e7d7cd869797f05d2ee46d6c6ea2f1d5,823f63e7d7cd869797f05d2ee46d6c6ea2f1d5,
da5e9f9c8f6af2b3537ecbf4e9d9586f08afba,da5e9f9c8f6af2b3537ecbf4e9d9586f08afba,
84665d75337b9218dbc595e6f1657b6a4d6cd9,84665d75337b9218dbc595e6f1657b6a4d6cd9,
pack-17c74e7de7d0bd5abad24eeef6fffd09c04d179c.idx,idx,
pack-17c74e7de7d0bd5abad24eeef6fffd09c04d179c.pack,pack,
pack-17c74e7de7d0bd5abad24eeef6fffd09c04d179c.rev,rev,
main,main,
HEAD,head,
main,main,
ProjectSettings.json,json,
PythonSettings.json,json,
slnx.sqlite,sqlite,
VSWorkspaceState.json,json,
1c56d9a2-f558-4e68-b1e0-af58da7a98b1.vsidx,vsidx,
312f7215-6409-4bfc-b30f-826dece7e940.vsidx,vsidx,
3a1831c4-a290-47ef-86a3-250cfe1927ab.vsidx,vsidx,
da1083c8-acce-45d0-be7e-ab0013c47b56.vsidx,vsidx,
e05ac69d-977e-4ddf-a621-59082d7dfb6b.vsidx,vsidx,
.wsuo,wsuo,
DocumentLayout.backup.json,json,
DocumentLayout.json,json,
.gitignore,gitignore,
pyvenv.cfg,cfg,
py.typed,typed,
__init__.py,py,
__main__.py,py,
__pip-runner__.py,py,
build_env.py,py,
cache.py,py,
configuration.py,py,
exceptions.py,py,
main.py,py,
pyproject.py,py,
self_outdated_check.py,py,
wheel_builder.py,py,
__init__.py,py,
autocompletion.py,py,
base_command.py,py,
cmdoptions.py,py,
command_context.py,py,
index_command.py,py,
main.py,py,
main_parser.py,py,
parser.py,py,
progress_bars.py,py,
req_command.py,py,
spinners.py,py,
status_codes.py,py,
__init__.py,py,
autocompletion.cpython-313.pyc,pyc,
base_command.cpython-313.pyc,pyc,
cmdoptions.cpython-313.pyc,pyc,
command_context.cpython-313.pyc,pyc,
index_command.cpython-313.pyc,pyc,
main.cpython-313.pyc,pyc,
main_parser.cpython-313.pyc,pyc,
parser.cpython-313.pyc,pyc,
progress_bars.cpython-313.pyc,pyc,
req_command.cpython-313.pyc,pyc,
spinners.cpython-313.pyc,pyc,
status_codes.cpython-313.pyc,pyc,
__init__.cpython-313.pyc,pyc,
cache.py,py,
check.py,py,
completion.py,py,
configuration.py,py,
debug.py,py,
download.py,py,
freeze.py,py,
hash.py,py,
help.py,py,
index.py,py,
inspect.py,py,
install.py,py,
list.py,py,
search.py,py,
show.py,py,
uninstall.py,py,
wheel.py,py,
__init__.py,py,
cache.cpython-313.pyc,pyc,
check.cpython-313.pyc,pyc,
completion.cpython-313.pyc,pyc,
configuration.cpython-313.pyc,pyc,
debug.cpython-313.pyc,pyc,
download.cpython-313.pyc,pyc,
freeze.cpython-313.pyc,pyc,
hash.cpython-313.pyc,pyc,
help.cpython-313.pyc,pyc,
index.cpython-313.pyc,pyc,
inspect.cpython-313.pyc,pyc,
install.cpython-313.pyc,pyc,
list.cpython-313.pyc,pyc,
search.cpython-313.pyc,pyc,
show.cpython-313.pyc,pyc,
uninstall.cpython-313.pyc,pyc,
wheel.cpython-313.pyc,pyc,
__init__.cpython-313.pyc,pyc,
base.py,py,
installed.py,py,
sdist.py,py,
wheel.py,py,
__init__.py,py,
base.cpython-313.pyc,pyc,
installed.cpython-313.pyc,pyc,
sdist.cpython-313.pyc,pyc,
wheel.cpython-313.pyc,pyc,
__init__.cpython-313.pyc,pyc,
collector.py,py,
package_finder.py,py,
sources.py,py,
__init__.py,py,
collector.cpython-313.pyc,pyc,
package_finder.cpython-313.pyc,pyc,
sources.cpython-313.pyc,pyc,
__init__.cpython-313.pyc,pyc,
base.py,py,
_distutils.py,py,
_sysconfig.py,py,
__init__.py,py,
base.cpython-313.pyc,pyc,
_distutils.cpython-313.pyc,pyc,
_sysconfig.cpython-313.pyc,pyc,
__init__.cpython-313.pyc,pyc,
base.py,py,
pkg_resources.py,py,
_json.py,py,
__init__.py,py,
_compat.py,py,
_dists.py,py,
_envs.py,py,
__init__.py,py,
_compat.cpython-313.pyc,pyc,
_dists.cpython-313.pyc,pyc,
_envs.cpython-313.pyc,pyc,
__init__.cpython-313.pyc,pyc,
base.cpython-313.pyc,pyc,
pkg_resources.cpython-313.pyc,pyc,
_json.cpython-313.pyc,pyc,
__init__.cpython-313.pyc,pyc,
candidate.py,py,
direct_url.py,py,
format_control.py,py,
index.py,py,
installation_report.py,py,
link.py,py,
scheme.py,py,
search_scope.py,py,
selection_prefs.py,py,
target_python.py,py,
wheel.py,py,
__init__.py,py,
candidate.cpython-313.pyc,pyc,
direct_url.cpython-313.pyc,pyc,
format_control.cpython-313.pyc,pyc,
index.cpython-313.pyc,pyc,
installation_report.cpython-313.pyc,pyc,
link.cpython-313.pyc,pyc,
scheme.cpython-313.pyc,pyc,
search_scope.cpython-313.pyc,pyc,
selection_prefs.cpython-313.pyc,pyc,
target_python.cpython-313.pyc,pyc,
wheel.cpython-313.pyc,pyc,
__init__.cpython-313.pyc,pyc,
auth.py,py,
cache.py,py,
download.py,py,
lazy_wheel.py,py,
session.py,py,
utils.py,py,
xmlrpc.py,py,
__init__.py,py,
auth.cpython-313.pyc,pyc,
cache.cpython-313.pyc,pyc,
download.cpython-313.pyc,pyc,
lazy_wheel.cpython-313.pyc,pyc,
session.cpython-313.pyc,pyc,
utils.cpython-313.pyc,pyc,
xmlrpc.cpython-313.pyc,pyc,
__init__.cpython-313.pyc,pyc,
check.py,py,
freeze.py,py,
prepare.py,py,
__init__.py,py,
build_tracker.py,py,
metadata.py,py,
metadata_editable.py,py,
metadata_legacy.py,py,
wheel.py,py,
wheel_editable.py,py,
wheel_legacy.py,py,
__init__.py,py,
build_tracker.cpython-313.pyc,pyc,
metadata.cpython-313.pyc,pyc,
metadata_editable.cpython-313.pyc,pyc,
metadata_legacy.cpython-313.pyc,pyc,
wheel.cpython-313.pyc,pyc,
wheel_editable.cpython-313.pyc,pyc,
wheel_legacy.cpython-313.pyc,pyc,
__init__.cpython-313.pyc,pyc,
editable_legacy.py,py,
wheel.py,py,
__init__.py,py,
editable_legacy.cpython-313.pyc,pyc,
wheel.cpython-313.pyc,pyc,
__init__.cpython-313.pyc,pyc,
check.cpython-313.pyc,pyc,
freeze.cpython-313.pyc,pyc,
prepare.cpython-313.pyc,pyc,
__init__.cpython-313.pyc,pyc,
constructors.py,py,
req_file.py,py,
req_install.py,py,
req_set.py,py,
req_uninstall.py,py,
__init__.py,py,
constructors.cpython-313.pyc,pyc,
req_file.cpython-313.pyc,pyc,
req_install.cpython-313.pyc,pyc,
req_set.cpython-313.pyc,pyc,
req_uninstall.cpython-313.pyc,pyc,
__init__.cpython-313.pyc,pyc,
base.py,py,
__init__.py,py,
resolver.py,py,
__init__.py,py,
resolver.cpython-313.pyc,pyc,
__init__.cpython-313.pyc,pyc,
base.py,py,
candidates.py,py,
factory.py,py,
found_candidates.py,py,
provider.py,py,
reporter.py,py,
requirements.py,py,
resolver.py,py,
__init__.py,py,
base.cpython-313.pyc,pyc,
candidates.cpython-313.pyc,pyc,
factory.cpython-313.pyc,pyc,
found_candidates.cpython-313.pyc,pyc,
provider.cpython-313.pyc,pyc,
reporter.cpython-313.pyc,pyc,
requirements.cpython-313.pyc,pyc,
resolver.cpython-313.pyc,pyc,
__init__.cpython-313.pyc,pyc,
base.cpython-313.pyc,pyc,
__init__.cpython-313.pyc,pyc,
appdirs.py,py,
compat.py,py,
compatibility_tags.py,py,
datetime.py,py,
deprecation.py,py,
direct_url_helpers.py,py,
egg_link.py,py,
encoding.py,py,
entrypoints.py,py,
filesystem.py,py,
filetypes.py,py,
glibc.py,py,
hashes.py,py,
logging.py,py,
misc.py,py,
packaging.py,py,
retry.py,py,
setuptools_build.py,py,
subprocess.py,py,
temp_dir.py,py,
unpacking.py,py,
urls.py,py,
virtualenv.py,py,
wheel.py,py,
_jaraco_text.py,py,
_log.py,py,
__init__.py,py,
appdirs.cpython-313.pyc,pyc,
compat.cpython-313.pyc,pyc,
compatibility_tags.cpython-313.pyc,pyc,
datetime.cpython-313.pyc,pyc,
deprecation.cpython-313.pyc,pyc,
direct_url_helpers.cpython-313.pyc,pyc,
egg_link.cpython-313.pyc,pyc,
encoding.cpython-313.pyc,pyc,
entrypoints.cpython-313.pyc,pyc,
filesystem.cpython-313.pyc,pyc,
filetypes.cpython-313.pyc,pyc,
glibc.cpython-313.pyc,pyc,
hashes.cpython-313.pyc,pyc,
logging.cpython-313.pyc,pyc,
misc.cpython-313.pyc,pyc,
packaging.cpython-313.pyc,pyc,
retry.cpython-313.pyc,pyc,
setuptools_build.cpython-313.pyc,pyc,
subprocess.cpython-313.pyc,pyc,
temp_dir.cpython-313.pyc,pyc,
unpacking.cpython-313.pyc,pyc,
urls.cpython-313.pyc,pyc,
virtualenv.cpython-313.pyc,pyc,
wheel.cpython-313.pyc,pyc,
_jaraco_text.cpython-313.pyc,pyc,
_log.cpython-313.pyc,pyc,
__init__.cpython-313.pyc,pyc,
bazaar.py,py,
git.py,py,
mercurial.py,py,
subversion.py,py,
versioncontrol.py,py,
__init__.py,py,
bazaar.cpython-313.pyc,pyc,
git.cpython-313.pyc,pyc,
mercurial.cpython-313.pyc,pyc,
subversion.cpython-313.pyc,pyc,
versioncontrol.cpython-313.pyc,pyc,
__init__.cpython-313.pyc,pyc,
build_env.cpython-313.pyc,pyc,
cache.cpython-313.pyc,pyc,
configuration.cpython-313.pyc,pyc,
exceptions.cpython-313.pyc,pyc,
main.cpython-313.pyc,pyc,
pyproject.cpython-313.pyc,pyc,
self_outdated_check.cpython-313.pyc,pyc,
wheel_builder.cpython-313.pyc,pyc,
__init__.cpython-313.pyc,pyc,
typing_extensions.py,py,
vendor.txt,txt,
__init__.py,py,
adapter.py,py,
cache.py,py,
controller.py,py,
filewrapper.py,py,
heuristics.py,py,
py.typed,typed,
serialize.py,py,
wrapper.py,py,
_cmd.py,py,
__init__.py,py,
file_cache.py,py,
redis_cache.py,py,
__init__.py,py,
file_cache.cpython-313.pyc,pyc,
redis_cache.cpython-313.pyc,pyc,
__init__.cpython-313.pyc,pyc,
adapter.cpython-313.pyc,pyc,
cache.cpython-313.pyc,pyc,
controller.cpython-313.pyc,pyc,
filewrapper.cpython-313.pyc,pyc,
heuristics.cpython-313.pyc,pyc,
serialize.cpython-313.pyc,pyc,
wrapper.cpython-313.pyc,pyc,
_cmd.cpython-313.pyc,pyc,
__init__.cpython-313.pyc,pyc,
cacert.pem,pem,
core.py,py,
py.typed,typed,
__init__.py,py,
__main__.py,py,
core.cpython-313.pyc,pyc,
__init__.cpython-313.pyc,pyc,
__main__.cpython-313.pyc,pyc,
compat.py,py,
database.py,py,
index.py,py,
locators.py,py,
manifest.py,py,
markers.py,py,
metadata.py,py,
resources.py,py,
scripts.py,py,
t32.exe,exe,
t64-arm.exe,exe,
t64.exe,exe,
util.py,py,
version.py,py,
w32.exe,exe,
w64-arm.exe,exe,
w64.exe,exe,
wheel.py,py,
__init__.py,py,
compat.cpython-313.pyc,pyc,
database.cpython-313.pyc,pyc,
index.cpython-313.pyc,pyc,
locators.cpython-313.pyc,pyc,
manifest.cpython-313.pyc,pyc,
markers.cpython-313.pyc,pyc,
metadata.cpython-313.pyc,pyc,
resources.cpython-313.pyc,pyc,
scripts.cpython-313.pyc,pyc,
util.cpython-313.pyc,pyc,
version.cpython-313.pyc,pyc,
wheel.cpython-313.pyc,pyc,
__init__.cpython-313.pyc,pyc,
distro.py,py,
py.typed,typed,
__init__.py,py,
__main__.py,py,
distro.cpython-313.pyc,pyc,
__init__.cpython-313.pyc,pyc,
__main__.cpython-313.pyc,pyc,
codec.py,py,
compat.py,py,
core.py,py,
idnadata.py,py,
intranges.py,py,
package_data.py,py,
py.typed,typed,
uts46data.py,py,
__init__.py,py,
codec.cpython-313.pyc,pyc,
compat.cpython-313.pyc,pyc,
core.cpython-313.pyc,pyc,
idnadata.cpython-313.pyc,pyc,
intranges.cpython-313.pyc,pyc,
package_data.cpython-313.pyc,pyc,
uts46data.cpython-313.pyc,pyc,
__init__.cpython-313.pyc,pyc,
exceptions.py,py,
ext.py,py,
fallback.py,py,
__init__.py,py,
exceptions.cpython-313.pyc,pyc,
ext.cpython-313.pyc,pyc,
fallback.cpython-313.pyc,pyc,
__init__.cpython-313.pyc,pyc,
markers.py,py,
metadata.py,py,
py.typed,typed,
requirements.py,py,
specifiers.py,py,
tags.py,py,
utils.py,py,
version.py,py,
_elffile.py,py,
_manylinux.py,py,
_musllinux.py,py,
_parser.py,py,
_structures.py,py,
_tokenizer.py,py,
__init__.py,py,
markers.cpython-313.pyc,pyc,
metadata.cpython-313.pyc,pyc,
requirements.cpython-313.pyc,pyc,
specifiers.cpython-313.pyc,pyc,
tags.cpython-313.pyc,pyc,
utils.cpython-313.pyc,pyc,
version.cpython-313.pyc,pyc,
_elffile.cpython-313.pyc,pyc,
_manylinux.cpython-313.pyc,pyc,
_musllinux.cpython-313.pyc,pyc,
_parser.cpython-313.pyc,pyc,
_structures.cpython-313.pyc,pyc,
_tokenizer.cpython-313.pyc,pyc,
__init__.cpython-313.pyc,pyc,
__init__.py,py,
__init__.cpython-313.pyc,pyc,
android.py,py,
api.py,py,
macos.py,py,
py.typed,typed,
unix.py,py,
version.py,py,
windows.py,py,
__init__.py,py,
__main__.py,py,
android.cpython-313.pyc,pyc,
api.cpython-313.pyc,pyc,
macos.cpython-313.pyc,pyc,
unix.cpython-313.pyc,pyc,
version.cpython-313.pyc,pyc,
windows.cpython-313.pyc,pyc,
__init__.cpython-313.pyc,pyc,
__main__.cpython-313.pyc,pyc,
cmdline.py,py,
console.py,py,
filter.py,py,
formatter.py,py,
lexer.py,py,
modeline.py,py,
plugin.py,py,
regexopt.py,py,
scanner.py,py,
sphinxext.py,py,
style.py,py,
token.py,py,
unistring.py,py,
util.py,py,
__init__.py,py,
__main__.py,py,
__init__.py,py,
__init__.cpython-313.pyc,pyc,
bbcode.py,py,
groff.py,py,
html.py,py,
img.py,py,
irc.py,py,
latex.py,py,
other.py,py,
pangomarkup.py,py,
rtf.py,py,
svg.py,py,
terminal.py,py,
terminal256.py,py,
_mapping.py,py,
__init__.py,py,
bbcode.cpython-313.pyc,pyc,
groff.cpython-313.pyc,pyc,
html.cpython-313.pyc,pyc,
img.cpython-313.pyc,pyc,
irc.cpython-313.pyc,pyc,
latex.cpython-313.pyc,pyc,
other.cpython-313.pyc,pyc,
pangomarkup.cpython-313.pyc,pyc,
rtf.cpython-313.pyc,pyc,
svg.cpython-313.pyc,pyc,
terminal.cpython-313.pyc,pyc,
terminal256.cpython-313.pyc,pyc,
_mapping.cpython-313.pyc,pyc,
__init__.cpython-313.pyc,pyc,
python.py,py,
_mapping.py,py,
__init__.py,py,
python.cpython-313.pyc,pyc,
_mapping.cpython-313.pyc,pyc,
__init__.cpython-313.pyc,pyc,
_mapping.py,py,
__init__.py,py,
_mapping.cpython-313.pyc,pyc,
__init__.cpython-313.pyc,pyc,
cmdline.cpython-313.pyc,pyc,
console.cpython-313.pyc,pyc,
filter.cpython-313.pyc,pyc,
formatter.cpython-313.pyc,pyc,
lexer.cpython-313.pyc,pyc,
modeline.cpython-313.pyc,pyc,
plugin.cpython-313.pyc,pyc,
regexopt.cpython-313.pyc,pyc,
scanner.cpython-313.pyc,pyc,
sphinxext.cpython-313.pyc,pyc,
style.cpython-313.pyc,pyc,
token.cpython-313.pyc,pyc,
unistring.cpython-313.pyc,pyc,
util.cpython-313.pyc,pyc,
__init__.cpython-313.pyc,pyc,
__main__.cpython-313.pyc,pyc,
_compat.py,py,
_impl.py,py,
__init__.py,py,
_in_process.py,py,
__init__.py,py,
_in_process.cpython-313.pyc,pyc,
__init__.cpython-313.pyc,pyc,
_compat.cpython-313.pyc,pyc,
_impl.cpython-313.pyc,pyc,
__init__.cpython-313.pyc,pyc,
adapters.py,py,
api.py,py,
auth.py,py,
certs.py,py,
compat.py,py,
cookies.py,py,
exceptions.py,py,
help.py,py,
hooks.py,py,
models.py,py,
packages.py,py,
sessions.py,py,
status_codes.py,py,
structures.py,py,
utils.py,py,
_internal_utils.py,py,
__init__.py,py,
__version__.py,py,
adapters.cpython-313.pyc,pyc,
api.cpython-313.pyc,pyc,
auth.cpython-313.pyc,pyc,
certs.cpython-313.pyc,pyc,
compat.cpython-313.pyc,pyc,
cookies.cpython-313.pyc,pyc,
exceptions.cpython-313.pyc,pyc,
help.cpython-313.pyc,pyc,
hooks.cpython-313.pyc,pyc,
models.cpython-313.pyc,pyc,
packages.cpython-313.pyc,pyc,
sessions.cpython-313.pyc,pyc,
status_codes.cpython-313.pyc,pyc,
structures.cpython-313.pyc,pyc,
utils.cpython-313.pyc,pyc,
_internal_utils.cpython-313.pyc,pyc,
__init__.cpython-313.pyc,pyc,
__version__.cpython-313.pyc,pyc,
providers.py,py,
py.typed,typed,
reporters.py,py,
resolvers.py,py,
structs.py,py,
__init__.py,py,
collections_abc.py,py,
__init__.py,py,
collections_abc.cpython-313.pyc,pyc,
__init__.cpython-313.pyc,pyc,
providers.cpython-313.pyc,pyc,
reporters.cpython-313.pyc,pyc,
resolvers.cpython-313.pyc,pyc,
structs.cpython-313.pyc,pyc,
__init__.cpython-313.pyc,pyc,
abc.py,py,
align.py,py,
ansi.py,py,
bar.py,py,
box.py,py,
cells.py,py,
color.py,py,
color_triplet.py,py,
columns.py,py,
console.py,py,
constrain.py,py,
containers.py,py,
control.py,py,
default_styles.py,py,
diagnose.py,py,
emoji.py,py,
errors.py,py,
filesize.py,py,
file_proxy.py,py,
highlighter.py,py,
json.py,py,
jupyter.py,py,
layout.py,py,
live.py,py,
live_render.py,py,
logging.py,py,
markup.py,py,
measure.py,py,
padding.py,py,
pager.py,py,
palette.py,py,
panel.py,py,
pretty.py,py,
progress.py,py,
progress_bar.py,py,
prompt.py,py,
protocol.py,py,
py.typed,typed,
region.py,py,
repr.py,py,
rule.py,py,
scope.py,py,
screen.py,py,
segment.py,py,
spinner.py,py,
status.py,py,
style.py,py,
styled.py,py,
syntax.py,py,
table.py,py,
terminal_theme.py,py,
text.py,py,
theme.py,py,
themes.py,py,
traceback.py,py,
tree.py,py,
_cell_widths.py,py,
_emoji_codes.py,py,
_emoji_replace.py,py,
_export_format.py,py,
_extension.py,py,
_fileno.py,py,
_inspect.py,py,
_log_render.py,py,
_loop.py,py,
_null_file.py,py,
_palettes.py,py,
_pick.py,py,
_ratio.py,py,
_spinners.py,py,
_stack.py,py,
_timer.py,py,
_win32_console.py,py,
_windows.py,py,
_windows_renderer.py,py,
_wrap.py,py,
__init__.py,py,
__main__.py,py,
abc.cpython-313.pyc,pyc,
align.cpython-313.pyc,pyc,
ansi.cpython-313.pyc,pyc,
bar.cpython-313.pyc,pyc,
box.cpython-313.pyc,pyc,
cells.cpython-313.pyc,pyc,
color.cpython-313.pyc,pyc,
color_triplet.cpython-313.pyc,pyc,
columns.cpython-313.pyc,pyc,
console.cpython-313.pyc,pyc,
constrain.cpython-313.pyc,pyc,
containers.cpython-313.pyc,pyc,
control.cpython-313.pyc,pyc,
default_styles.cpython-313.pyc,pyc,
diagnose.cpython-313.pyc,pyc,
emoji.cpython-313.pyc,pyc,
errors.cpython-313.pyc,pyc,
filesize.cpython-313.pyc,pyc,
file_proxy.cpython-313.pyc,pyc,
highlighter.cpython-313.pyc,pyc,
json.cpython-313.pyc,pyc,
jupyter.cpython-313.pyc,pyc,
layout.cpython-313.pyc,pyc,
live.cpython-313.pyc,pyc,
live_render.cpython-313.pyc,pyc,
logging.cpython-313.pyc,pyc,
markup.cpython-313.pyc,pyc,
measure.cpython-313.pyc,pyc,
padding.cpython-313.pyc,pyc,
pager.cpython-313.pyc,pyc,
palette.cpython-313.pyc,pyc,
panel.cpython-313.pyc,pyc,
pretty.cpython-313.pyc,pyc,
progress.cpython-313.pyc,pyc,
progress_bar.cpython-313.pyc,pyc,
prompt.cpython-313.pyc,pyc,
protocol.cpython-313.pyc,pyc,
region.cpython-313.pyc,pyc,
repr.cpython-313.pyc,pyc,
rule.cpython-313.pyc,pyc,
scope.cpython-313.pyc,pyc,
screen.cpython-313.pyc,pyc,
segment.cpython-313.pyc,pyc,
spinner.cpython-313.pyc,pyc,
status.cpython-313.pyc,pyc,
style.cpython-313.pyc,pyc,
styled.cpython-313.pyc,pyc,
syntax.cpython-313.pyc,pyc,
table.cpython-313.pyc,pyc,
terminal_theme.cpython-313.pyc,pyc,
text.cpython-313.pyc,pyc,
theme.cpython-313.pyc,pyc,
themes.cpython-313.pyc,pyc,
traceback.cpython-313.pyc,pyc,
tree.cpython-313.pyc,pyc,
_cell_widths.cpython-313.pyc,pyc,
_emoji_codes.cpython-313.pyc,pyc,
_emoji_replace.cpython-313.pyc,pyc,
_export_format.cpython-313.pyc,pyc,
_extension.cpython-313.pyc,pyc,
_fileno.cpython-313.pyc,pyc,
_inspect.cpython-313.pyc,pyc,
_log_render.cpython-313.pyc,pyc,
_loop.cpython-313.pyc,pyc,
_null_file.cpython-313.pyc,pyc,
_palettes.cpython-313.pyc,pyc,
_pick.cpython-313.pyc,pyc,
_ratio.cpython-313.pyc,pyc,
_spinners.cpython-313.pyc,pyc,
_stack.cpython-313.pyc,pyc,
_timer.cpython-313.pyc,pyc,
_win32_console.cpython-313.pyc,pyc,
_windows.cpython-313.pyc,pyc,
_windows_renderer.cpython-313.pyc,pyc,
_wrap.cpython-313.pyc,pyc,
__init__.cpython-313.pyc,pyc,
__main__.cpython-313.pyc,pyc,
py.typed,typed,
_parser.py,py,
_re.py,py,
_types.py,py,
__init__.py,py,
_parser.cpython-313.pyc,pyc,
_re.cpython-313.pyc,pyc,
_types.cpython-313.pyc,pyc,
__init__.cpython-313.pyc,pyc,
py.typed,typed,
_api.py,py,
_macos.py,py,
_openssl.py,py,
_ssl_constants.py,py,
_windows.py,py,
__init__.py,py,
_api.cpython-313.pyc,pyc,
_macos.cpython-313.pyc,pyc,
_openssl.cpython-313.pyc,pyc,
_ssl_constants.cpython-313.pyc,pyc,
_windows.cpython-313.pyc,pyc,
__init__.cpython-313.pyc,pyc,
connection.py,py,
connectionpool.py,py,
exceptions.py,py,
fields.py,py,
filepost.py,py,
poolmanager.py,py,
request.py,py,
response.py,py,
_collections.py,py,
_version.py,py,
__init__.py,py,
appengine.py,py,
ntlmpool.py,py,
pyopenssl.py,py,
securetransport.py,py,
socks.py,py,
_appengine_environ.py,py,
__init__.py,py,
bindings.py,py,
low_level.py,py,
__init__.py,py,
bindings.cpython-313.pyc,pyc,
low_level.cpython-313.pyc,pyc,
__init__.cpython-313.pyc,pyc,
appengine.cpython-313.pyc,pyc,
ntlmpool.cpython-313.pyc,pyc,
pyopenssl.cpython-313.pyc,pyc,
securetransport.cpython-313.pyc,pyc,
socks.cpython-313.pyc,pyc,
_appengine_environ.cpython-313.pyc,pyc,
__init__.cpython-313.pyc,pyc,
six.py,py,
__init__.py,py,
makefile.py,py,
weakref_finalize.py,py,
__init__.py,py,
makefile.cpython-313.pyc,pyc,
weakref_finalize.cpython-313.pyc,pyc,
__init__.cpython-313.pyc,pyc,
six.cpython-313.pyc,pyc,
__init__.cpython-313.pyc,pyc,
connection.py,py,
proxy.py,py,
queue.py,py,
request.py,py,
response.py,py,
retry.py,py,
ssltransport.py,py,
ssl_.py,py,
ssl_match_hostname.py,py,
timeout.py,py,
url.py,py,
wait.py,py,
__init__.py,py,
connection.cpython-313.pyc,pyc,
proxy.cpython-313.pyc,pyc,
queue.cpython-313.pyc,pyc,
request.cpython-313.pyc,pyc,
response.cpython-313.pyc,pyc,
retry.cpython-313.pyc,pyc,
ssltransport.cpython-313.pyc,pyc,
ssl_.cpython-313.pyc,pyc,
ssl_match_hostname.cpython-313.pyc,pyc,
timeout.cpython-313.pyc,pyc,
url.cpython-313.pyc,pyc,
wait.cpython-313.pyc,pyc,
__init__.cpython-313.pyc,pyc,
connection.cpython-313.pyc,pyc,
connectionpool.cpython-313.pyc,pyc,
exceptions.cpython-313.pyc,pyc,
fields.cpython-313.pyc,pyc,
filepost.cpython-313.pyc,pyc,
poolmanager.cpython-313.pyc,pyc,
request.cpython-313.pyc,pyc,
response.cpython-313.pyc,pyc,
_collections.cpython-313.pyc,pyc,
_version.cpython-313.pyc,pyc,
__init__.cpython-313.pyc,pyc,
typing_extensions.cpython-313.pyc,pyc,
__init__.cpython-313.pyc,pyc,
__init__.cpython-313.pyc,pyc,
__main__.cpython-313.pyc,pyc,
__pip-runner__.cpython-313.pyc,pyc,
AUTHORS.txt,txt,
entry_points.txt,txt,
INSTALLER,installer,
LICENSE.txt,txt,
METADATA,metadata,
RECORD,record,
REQUESTED,requested,
top_level.txt,txt,
WHEEL,wheel,
activate,activate,
activate.bat,bat,
activate.fish,fish,
Activate.ps1,ps1,
deactivate.bat,bat,
pip.exe,exe,
pip3.13.exe,exe,
pip3.exe,exe,
python.exe,exe,
pythonw.exe,exe,
#非ファンタジー 中世＋箱庭＝普遍 - グレゴリウス山田_ヤマーーダのイラスト - pixiv.jpg,jpg,[195 197 196 ... 195 196 196]
Firelink Shrine Bonfire – Dark Souls Fantasy Isometric Pixel Art Inspiration.jpg,jpg,[166 166 166 ... 166 166 166]
main.py,py,
readme.md,md,
desktop.ini,ini,
goal.txt,txt,
clean_data.py,py,
main.py,py,
pdf_plumber.py,py,
py_pdf2.py,py,
lybrary.txt,txt,
nhan_oymu.py,py,
lybrary.txt,txt,
miner.py,py,
lybrary.txt,txt,
nhan_oymu.py,py,
nhan_py_pdf2.py,py,
TesseractOCR.py,py,
api.py,py,
cútom.py,py,
public.py,py,
Introduc_mL.txt,txt,
phan_nhom.txt,txt,
bow.py,py,
NewFile.py,py,
demo.py,py,
extract_text_from_file.py,py,
TF-IDF .py,py,
nhan_oymu.cpython-312.pyc,pyc,
nhan_oymu.cpython-313.pyc,pyc,
giaodien.py,py,
lib_Collections.py,py,
Bag-of-words.py,py,
count_word.py,py,
frequency_of_word.py,py,
cancel.ipynb,ipynb,
using_for_undate_ingithub.gitkeep,gitkeep,
Cao_dulieu.py,py,
Scrapy_data.py,py,
scrapy.cfg,cfg,
items.py,py,
middlewares.py,py,
pipelines.py,py,
settings.py,py,
__init__.py,py,
newsample_forscrapy.py,py,
__init__.py,py,
newsample_forscrapy.cpython-312.pyc,pyc,
__init__.cpython-312.pyc,pyc,
settings.cpython-312.pyc,pyc,
__init__.cpython-312.pyc,pyc,
File_category.py,py,
111Windows.py,py,
Classifying_Program.py,py,
111Read_content.py,py,
Check_resource_used.py,py,
quet_va_lay_ten_file.py,py,
test_design_backgr.py,py,
Test_Pygame.py,py,
TKTEST.PY,py,
Model_for_classifying.py,py,
BÁO_CÁO_TIỂU_LUẬN.docx,docx,"  TRƯỜNG ĐẠI HỌC: CÔNG NGHỆ TP.HCM KHOA: CÔNG NGHỆ THÔNG TIN      BÁO CÁO TIỂU LUẬN Học phần: Bảo mật thông tin      Chuyên đề: DOS/DDOS      Thành viên: Đặng Lâm Thế Nhân        - 2280612138 Trần Quốc Đại                  - 2280600549 Đinh Quốc Cường            - 2280618437 Vũ Dương Hoàng Phước  - 2280602515  Lớp: 22DTHB2 Giáo viên hướng dẫn: Nguyễn Thị Yến       TP.HCM, tháng 09/2024       DANH SÁCH THÀNH VIÊN                                     MỤC LỤC                             LỜI MỞ ĐẦU T"
tkinter_testing.py,py,
tkinter_testing.cpython-310.pyc,pyc,
tkinter_testing.cpython-312.pyc,pyc,
using_for_undate_ingithub.gitkeep,gitkeep,
PYTHON.PY,py,
csv_syntax.py,py,
Read.md,md,
readme.md,md,
read_file.py,py,
request.py,py,
types_can_accept.py,py,
readme.md,md,
types_can_accept.cpython-312.pyc,pyc,
Introduction to Machine Learning with Python.pdf,pdf,"O'REILLY
Introduction to
Machine
Learning
with Python
AGUIDE FOR DATA SCIENTISTS
powered by
Jupyter
Andreas C.Müller &Sarah GuidoIntroduction toMachine Learning with Python
AGuide forData Scientists
Andreas C.Müller andSarah GuidoIntroduction toMachine Learning with Python
byAndreas C.Müller andSarah Guido
Copyright ©2017 Sarah Guido ,Andreas Müller .Allrights reserved .
Printed inthe United States ofAmerica .
Published byO'Reilly Media ,Inc.,1005 Gravenstein Highway North ,Sebastopol ,CA
95472 "
O.docx,docx,"
O'REILLY
Introduction to
Machine
Learning
with Python
A GUIDE FOR DATA SCIENTISTS
poweredby
Jupyter
Andreas C. Müller& Sarah Guido
Introduction to Machine Learning with Python
A Guide for Data Scientists
Andreas C. Müller and Sarah Guido
Introduction to Machine Learning with Python
by Andreas C. Müller and Sarah Guido
Copyright © 2017 Sarah Guido, Andreas Müller . All rights reserved .
Printed in the United States of America.
Published by O'Reilly Media, Inc., 1005 Gravenstein Highway North, Se"
sample.docx,docx,"Unlocking the Potential of Machine Learning Machine learning, a subset of artificial intelligence, has revolutionized the way we interact with technology and process data. At its core, machine learning is the science of enabling computers to learn from data without being explicitly programmed. Unlike traditional programming, where specific instructions dictate outcomes, machine learning systems analyze patterns within vast datasets to make predictions, identify trends, and improve over time. Thi"
Machine_learning_dataset_label_topic_and_concepts.csv,csv,
sample1.txt,txt,
sample2.txt,txt,
main.py,py,
request.py,py,
xu_li_request.py,py,
dsds.py,py,
model,model,
dsda.py,py,
dsndsh.py,py,
sds.py,py,
dsjns.py,py,
dnsnhd.py,py,
